prerequisite,dependent
C001,F004
C001,F005
C001,F006
C001,T004
C003,F003
C003,T003
F001,C003
F001,F002
F001,F021
F001,T002
F002,C003
F002,F003
F002,T003
F003,C001
F003,F004
F003,F005
F003,F006
F003,T004
F008,F013
F008,T011
F009,F001
F009,F007
F009,F008
F009,F010
F009,T001
F009,T005
F009,T006
F009,T008
F013,C002
F013,F011
F013,F012
F013,F014
F013,F015
F013,F017
F013,T009
F013,T010
F013,T012
F016,F011
F016,F012
F016,F015
F016,F017
F016,T009
F016,T010
F016,T012
F016,T014
F017,T014
F018,F011
F018,F012
F018,F015
F018,F017
F018,T009
F018,T010
F018,T012
F018,T014
F019,F018
F019,T014
F019,T015
F020,F018
F020,T014
F020,T015
T001,F002
T001,T002
T003,C001
T007,F008
T007,F010
T007,T006
T007,T008
T011,C002
T011,F014
