beat_id,node_key,exposure_type,source_field
B02,F009,exposed,reveals
B02,T007,exposed,reveals
B03,F008,exposed,reveals
B03,F010,exposed,reveals
B03,T006,exposed,reveals
B03,T008,exposed,reveals
B04,F001,exposed,reveals
B04,F007,exposed,reveals
B04,T001,exposed,reveals
B04,T005,exposed,reveals
B07,F002,exposed,reveals
B07,T002,exposed,reveals
B10,C003,exposed,reveals
B11,F003,exposed,reveals
B11,T003,exposed,reveals
B12,C001,exposed,reveals
B13,F004,exposed,reveals
B13,F005,exposed,reveals
B13,F006,exposed,reveals
B13,T004,exposed,reveals
B15,F021,exposed,reveals
B18,F019,exposed,reveals
B18,F020,exposed,reveals
B18,T016,exposed,reveals
B18,T017,exposed,reveals
B25,F013,exposed,reveals
B25,T011,exposed,reveals
B26,C002,exposed,reveals
B26,F014,exposed,reveals
B28,F018,exposed,reveals
B28,T015,exposed,reveals
B29,F016,exposed,reveals
B29,T013,exposed,reveals
B30,F011,exposed,reveals
B30,F012,exposed,reveals
B30,F015,exposed,reveals
B30,F017,exposed,reveals
B30,T009,exposed,reveals
B30,T010,exposed,reveals
B30,T012,exposed,reveals
B40,T014,exposed,reveals
