node_key,category,label,first_revealed_beat_id,first_revealed_order,description
F009,fact,"In released body-camera footage, Anthony told officers, “I'm not alleged, sir, I did it,” after an officer referred to him as the alleged suspect.",B02,1,"In released body-camera footage, Anthony told officers, “I'm not alleged, sir, I did it,” after an officer referred to him as the alleged suspect."
T007,timeline,"In released body-camera footage, Anthony told officers, “I'm not alleged, sir, I did it,” after an officer referred to him as the alleged suspect.",B02,1,"In released body-camera footage, Anthony told officers, “I'm not alleged, sir, I did it,” after an officer referred to him as the alleged suspect."
F008,fact,"After his arrest, Anthony repeatedly maintained that he had acted in self-defense.",B03,2,"After his arrest, Anthony repeatedly maintained that he had acted in self-defense."
F010,fact,"In released body-camera footage, Anthony said, “He put his hands on me. I told him not to, he put his hand on me!”",B03,2,"In released body-camera footage, Anthony said, “He put his hands on me. I told him not to, he put his hand on me!”"
T006,timeline,"After his arrest, Anthony repeatedly maintained that he had acted in self-defense.",B03,2,"After his arrest, Anthony repeatedly maintained that he had acted in self-defense."
T008,timeline,"In released body-camera footage, Anthony said, “He put his hands on me. I told him not to, he put his hand on me!”",B03,2,"In released body-camera footage, Anthony said, “He put his hands on me. I told him not to, he put his hand on me!”"
F001,fact,"On April 2, 2025, Austin Metcalf was fatally stabbed during a high-school track meet at a stadium in Frisco, Texas.",B04,3,"On April 2, 2025, Austin Metcalf was fatally stabbed during a high-school track meet at a stadium in Frisco, Texas."
F007,fact,Surveillance footage released after trial showed Anthony running away from the tent and appearing to stumble over the bottom rows of bleachers before continuing toward a parking lot.,B04,3,Surveillance footage released after trial showed Anthony running away from the tent and appearing to stumble over the bottom rows of bleachers before continuing toward a parking lot.
T001,timeline,"On April 2, 2025, Austin Metcalf was fatally stabbed during a high-school track meet at a stadium in Frisco, Texas.",B04,3,"On April 2, 2025, Austin Metcalf was fatally stabbed during a high-school track meet at a stadium in Frisco, Texas."
T005,timeline,Surveillance footage released after trial showed Anthony running away from the tent and appearing to stumble over the bottom rows of bleachers before continuing toward a parking lot.,B04,3,Surveillance footage released after trial showed Anthony running away from the tent and appearing to stumble over the bottom rows of bleachers before continuing toward a parking lot.
F002,fact,Karmelo Anthony and Austin Metcalf were both 17 at the time of the stabbing and attended different Frisco high schools; available reporting states that they did not know each other before the incident.,B07,6,Karmelo Anthony and Austin Metcalf were both 17 at the time of the stabbing and attended different Frisco high schools; available reporting states that they did not know each other before the incident.
T002,timeline,Karmelo Anthony and Austin Metcalf were both 17 at the time of the stabbing and attended different Frisco high schools; available reporting states that they did not know each other before the incident.,B07,6,Karmelo Anthony and Austin Metcalf were both 17 at the time of the stabbing and attended different Frisco high schools; available reporting states that they did not know each other before the incident.
C003,contradiction,Whether Anthony and Metcalf were classmates,B10,9,"The Guardian described Metcalf as Anthony's classmate, while multiple other accounts state that they attended different Frisco high schools and did not know each other before the stabbing. The Guardian's wording is inconsistent with the more specific accounts of their school affiliations and prior relationship."
F003,fact,The confrontation occurred after Anthony was sitting under the Memorial High School team tent during a rainy track meet and was told to leave.,B11,10,The confrontation occurred after Anthony was sitting under the Memorial High School team tent during a rainy track meet and was told to leave.
T003,timeline,The confrontation occurred after Anthony was sitting under the Memorial High School team tent during a rainy track meet and was told to leave.,B11,10,The confrontation occurred after Anthony was sitting under the Memorial High School team tent during a rainy track meet and was told to leave.
C001,contradiction,Who initiated the physical confrontation,B12,11,"The prosecution account described Anthony as provoking or escalating the encounter after being told to leave, while defense evidence and several witness accounts described Metcalf pushing or grabbing Anthony first, after which Anthony stabbed him. These accounts conflict over who initiated the physical contact and whether Anthony's response was defensive."
F004,fact,"Witnesses testified that Metcalf pushed Anthony, after which Anthony pulled out a knife and stabbed Metcalf in the chest.",B13,12,"Witnesses testified that Metcalf pushed Anthony, after which Anthony pulled out a knife and stabbed Metcalf in the chest."
F005,fact,The knife images released after trial showed a gray-handled utility knife with a 3.5-inch blade.,B13,12,The knife images released after trial showed a gray-handled utility knife with a 3.5-inch blade.
F006,fact,A photograph released with the trial evidence showed Metcalf's two-inch chest wound.,B13,12,A photograph released with the trial evidence showed Metcalf's two-inch chest wound.
T004,timeline,"Witnesses testified that Metcalf pushed Anthony, after which Anthony pulled out a knife and stabbed Metcalf in the chest.",B13,12,"Witnesses testified that Metcalf pushed Anthony, after which Anthony pulled out a knife and stabbed Metcalf in the chest."
F021,fact,"Judge John Roach Jr. publicly released more than six gigabytes of trial evidence, including surveillance footage, 911 calls, and photographs of the weapon and autopsy material.",B15,14,"Judge John Roach Jr. publicly released more than six gigabytes of trial evidence, including surveillance footage, 911 calls, and photographs of the weapon and autopsy material."
F019,fact,"On July 28, 2025, Judge John Roach Jr. entered an order restricting extrajudicial statements by parties, attorneys, witnesses, law-enforcement personnel, and court personnel through trial.",B18,17,"On July 28, 2025, Judge John Roach Jr. entered an order restricting extrajudicial statements by parties, attorneys, witnesses, law-enforcement personnel, and court personnel through trial."
F020,fact,"On May 18, 2026, the court's amended trial-access order provided for limited admission times, no more than nine media members, space-available seating, and courtroom doors closing at 9:00 a.m.",B18,17,"On May 18, 2026, the court's amended trial-access order provided for limited admission times, no more than nine media members, space-available seating, and courtroom doors closing at 9:00 a.m."
T016,timeline,"On July 28, 2025, Judge John Roach Jr. entered an order restricting extrajudicial statements by parties, attorneys, witnesses, law-enforcement personnel, and court personnel through trial.",B18,17,"On July 28, 2025, Judge John Roach Jr. entered an order restricting extrajudicial statements by parties, attorneys, witnesses, law-enforcement personnel, and court personnel through trial."
T017,timeline,"On May 18, 2026, the court's amended trial-access order provided for limited admission times, no more than nine media members, space-available seating, and courtroom doors closing at 9:00 a.m.",B18,17,"On May 18, 2026, the court's amended trial-access order provided for limited admission times, no more than nine media members, space-available seating, and courtroom doors closing at 9:00 a.m."
F013,fact,Anthony did not testify at trial.,B25,24,Anthony did not testify at trial.
T011,timeline,Anthony did not testify at trial.,B25,24,Anthony did not testify at trial.
C002,contradiction,Scope of the evidentiary agreement and reason Anthony did not testify,B26,25,Anthony's defense attorneys said prosecutors violated an off-the-record agreement limiting character evidence and that the dispute caused Anthony to waive his planned testimony. Prosecutor Bill Wirskye denied that the agreement covered a testifying defendant and said the defense had opened the door to character evidence.
F014,fact,"Anthony's defense attorneys alleged that prosecutors violated an unrecorded agreement concerning character evidence, and that the dispute contributed to Anthony's decision not to testify; a county prosecutor denied the claim.",B26,25,"Anthony's defense attorneys alleged that prosecutors violated an unrecorded agreement concerning character evidence, and that the dispute contributed to Anthony's decision not to testify; a county prosecutor denied the claim."
F018,fact,"On June 4, 2026, the auxiliary viewing room described in Anthony's new-trial motion was eliminated when testimony began, and the motion states that no overflow room was provided thereafter.",B28,27,"On June 4, 2026, the auxiliary viewing room described in Anthony's new-trial motion was eliminated when testimony began, and the motion states that no overflow room was provided thereafter."
T015,timeline,"On June 4, 2026, the auxiliary viewing room described in Anthony's new-trial motion was eliminated when testimony began, and the motion states that no overflow room was provided thereafter.",B28,27,"On June 4, 2026, the auxiliary viewing room described in Anthony's new-trial motion was eliminated when testimony began, and the motion states that no overflow room was provided thereafter."
F016,fact,"The jury selected for Anthony's trial had no Black jurors; prosecutors struck three remaining Black potential jurors after the defense raised a Batson challenge, and the court accepted the stated race-neutral reason that they were educators of school-aged children.",B29,28,"The jury selected for Anthony's trial had no Black jurors; prosecutors struck three remaining Black potential jurors after the defense raised a Batson challenge, and the court accepted the stated race-neutral reason that they were educators of school-aged children."
T013,timeline,"The jury selected for Anthony's trial had no Black jurors; prosecutors struck three remaining Black potential jurors after the defense raised a Batson challenge, and the court accepted the stated race-neutral reason that they were educators of school-aged children.",B29,28,"The jury selected for Anthony's trial had no Black jurors; prosecutors struck three remaining Black potential jurors after the defense raised a Batson challenge, and the court accepted the stated race-neutral reason that they were educators of school-aged children."
F011,fact,"On June 9, 2026, a Collin County jury found Anthony guilty of murder after approximately three hours of deliberation.",B30,29,"On June 9, 2026, a Collin County jury found Anthony guilty of murder after approximately three hours of deliberation."
F012,fact,"On June 9, 2026, the jury rejected a lesser manslaughter charge and the defense's sudden-passion claim, and Anthony was sentenced to 35 years in prison.",B30,29,"On June 9, 2026, the jury rejected a lesser manslaughter charge and the defense's sudden-passion claim, and Anthony was sentenced to 35 years in prison."
F015,fact,"On August 22, 2026, Judge Michael Chitty denied Anthony's request for a new trial.",B30,29,"On August 22, 2026, Judge Michael Chitty denied Anthony's request for a new trial."
F017,fact,"The defense's motion for a new trial alleged that public access to the trial was materially restricted, including limited seating and the absence of continuing overflow, audio, or video access.",B30,29,"The defense's motion for a new trial alleged that public access to the trial was materially restricted, including limited seating and the absence of continuing overflow, audio, or video access."
T009,timeline,"On June 9, 2026, a Collin County jury found Anthony guilty of murder after approximately three hours of deliberation.",B30,29,"On June 9, 2026, a Collin County jury found Anthony guilty of murder after approximately three hours of deliberation."
T010,timeline,"On June 9, 2026, the jury rejected a lesser manslaughter charge and the defense's sudden-passion claim, and Anthony was sentenced to 35 years in prison.",B30,29,"On June 9, 2026, the jury rejected a lesser manslaughter charge and the defense's sudden-passion claim, and Anthony was sentenced to 35 years in prison."
T012,timeline,"On August 22, 2026, Judge Michael Chitty denied Anthony's request for a new trial.",B30,29,"On August 22, 2026, Judge Michael Chitty denied Anthony's request for a new trial."
T014,timeline,"The defense's motion for a new trial alleged that public access to the trial was materially restricted, including limited seating and the absence of continuing overflow, audio, or video access.",B40,39,"The defense's motion for a new trial alleged that public access to the trial was materially restricted, including limited seating and the absence of continuing overflow, audio, or video access."
